<?xml version="1.0" encoding="UTF-8"?>
<project-private xmlns="http://www.netbeans.org/ns/project-private/1">
    <editor-bookmarks xmlns="http://www.netbeans.org/ns/editor-bookmarks/2" lastBookmarkId="0"/>
    <open-files xmlns="http://www.netbeans.org/ns/projectui-open-files/2">
        <group>
            <file>file:/C:/Users/LAB%20REDES/OneDrive/Documentos/NetBeansProjects/SalesV1/src/gui/Menu.java</file>
            <file>file:/C:/Users/LAB%20REDES/OneDrive/Documentos/NetBeansProjects/SalesV1/src/gui/JIFClientGUI.java</file>
            <file>file:/C:/Users/LAB%20REDES/OneDrive/Documentos/NetBeansProjects/SalesV1/src/salesv1/SalesV1.java</file>
            <file>file:/C:/Users/LAB%20REDES/OneDrive/Documentos/NetBeansProjects/SalesV1/src/gui/JIFWorkerGUI.java</file>
        </group>
    </open-files>
</project-private>
